,Nombre,Direccion
0,Mark Wallace,"34956 Baker Path Suite 698
Brandonmouth, AL 22155"
1,Bradley Willis,"PSC 4315, Box 7655
APO AA 85212"
2,Matthew Wilson,"USNV Burns
FPO AP 37868"
3,Michelle Reyes,"46434 Jackson Village Suite 599
West Alicialand, ID 98121"
4,Robert Lewis,"2554 Barker Springs Suite 078
Quinnborough, DC 79492"
5,Mrs. Katherine Nguyen,"7052 Sean Pass
Kelliland, NY 81483"
6,Samantha Phillips,"USCGC Martinez
FPO AA 56214"
7,Brian Thompson,"USNV Lopez
FPO AE 03623"
8,Pamela Jones,"21079 Knapp Drive
Nicoleport, MD 27192"
9,Anthony Casey,"69976 Johnson Inlet Suite 165
Scotttown, LA 21669"
10,Kari Morales,"62715 Foley Well Suite 760
Ariasfort, ND 43245"
11,Christopher Mccann,"14664 Burns Knolls
Maryshire, MS 18747"
12,Linda Cooley,"88314 Sean Fork
New Dawnshire, KS 92838"
13,David Deleon,"355 April Passage
Garciahaven, PW 96719"
14,Ricardo Young,"647 Bryant Forge Suite 384
East Joshuastad, ND 66708"
15,Donald Reeves,"57377 Jessica Fork
Thomashaven, AZ 22629"
16,Richard Costa,"11560 Rachael Parkways
Lake Kenneth, KS 80285"
17,Emily King,"75558 Rickey Harbors
South Alexiston, VA 47433"
18,Joe Reyes,"97035 Young Highway
New Terrimouth, VT 56161"
19,Jeffrey Melendez,"626 Garcia Rest
Jamestown, SC 04030"
20,Audrey Hansen,"58532 Parrish Drives Suite 387
West Tonya, VT 97549"
21,Christopher Fitzgerald DDS,"74970 Vaughn Tunnel Suite 813
New Mary, CT 43146"
22,Stephen Stewart,"9268 Washington Dale
Kimview, AS 68575"
23,John Evans,"0646 Jennifer Island Apt. 780
South Deniseshire, AS 98093"
24,Gary Johnson,"911 Griffith Canyon Apt. 960
Lake Christine, DC 19900"
25,Michelle Cobb,"76150 Taylor Stream Suite 451
Youngport, IN 08542"
26,Jody Lee,"18496 Ronald Lane Apt. 964
Youngfort, MD 79233"
27,Jeffery Robinson,"315 Clarke Meadow Apt. 490
East Joshua, MI 32181"
28,Mitchell Johnson,"0763 Michelle Island Apt. 412
Haleyville, KY 87862"
29,Tiffany Wright DDS,"816 Le Manors
Matthewton, NC 60809"
30,Joseph Martinez,"70399 Mark Creek
Ashleystad, VI 61882"
31,Travis Burke,"77430 Baker Throughway Suite 648
New Glennton, LA 83243"
32,Ashley Hunt,"93197 Rodriguez Walk
Johnside, OK 59453"
33,Bradley Hampton,"35133 Gregory Centers Apt. 241
West Joseph, NC 31598"
34,Emma Becker,"85509 Scott Cove
Mandytown, CA 82762"
35,Kevin Burgess,"8048 Holmes Key
Chadborough, MH 46106"
36,Martha Lester,"9202 Kimberly Rapids
Allenbury, WY 09473"
37,Dylan Sanford,"6757 Linda Locks
Tracyshire, FL 85420"
38,Carlos Garrett,"21014 Jones Ridge
East George, ME 48845"
39,Nicholas Jordan,"Unit 8013 Box 7066
DPO AE 79476"
40,Michele Smith,"2018 Chambers Plaza Suite 061
West Alexander, MP 69781"
41,Diana Hall,"179 Brandon Lakes
East Patriciabury, DE 38214"
42,James Perkins,"345 Lindsay Avenue
Monroeberg, AK 20213"
43,Alan Drake,"770 Jones Courts
Lake Destinyshire, HI 66862"
44,Melissa Morales,"1770 Clark Islands
Nathanielchester, AK 46669"
45,Scott Rosales III,"5639 Gaines Throughway Apt. 506
Nicholaschester, RI 02096"
46,Laura Peterson,"0924 Gary Drive
Kingstad, TN 08105"
47,Allen Bowman,"714 Faith Springs
Angelatown, MA 35447"
48,Jerry Vazquez,"4239 Jonathan Green
Williamsfort, IA 12595"
49,Teresa Herrera,"3207 Vega Plains
Amberborough, NJ 90225"
50,Scott Powell,"06758 William Forges Suite 413
East Traceytown, ID 78757"
51,Christine Dodson,"226 Jamie Road
Kelleyland, AS 21302"
52,Shawn Ellis,"65544 Tracey Prairie
Riversberg, OH 01589"
53,Steven Ortiz,"8724 Andrew Dam
North Kellyside, NE 40692"
54,Joseph Robinson,"61796 Daniel Circles
Port James, KS 92431"
55,Patrick Martin,"Unit 1747 Box 6160
DPO AP 78022"
56,Pamela Mcpherson MD,"768 Jason Springs Apt. 407
North Paulaside, OR 20990"
57,Jeremiah Smith,"700 Nancy Cliffs
New Alexandraview, PA 40740"
58,James Johnson,"775 Smith Extensions Suite 534
Port Coreychester, WY 27143"
59,Deanna Stewart,"54515 Cox Mount
New Jasmineshire, CO 30021"
60,Susan Welch,"07700 Garcia Stream Apt. 856
Michelefort, MP 20095"
61,Omar Erickson,"131 Stevenson Forest
West Mikaylahaven, MA 47267"
62,Donna Moon,"0478 Theresa Mountain
Michellemouth, TX 74565"
63,Robert Williams,"7113 Jennifer Springs Apt. 145
Thompsontown, WI 93946"
64,Nancy Hansen MD,"USNS Thompson
FPO AA 58567"
65,Ethan Cochran,"15788 Sandoval Track
West Peggy, TN 99221"
66,Cynthia Thompson,"0066 Haley Oval Apt. 052
Smithville, NJ 75124"
67,Anthony Russell MD,"11133 Kennedy Causeway Suite 730
Port Ashleyburgh, GU 61474"
68,Elizabeth Alvarez,"40205 Jones Locks
Coreychester, MA 92709"
69,William Campbell,"398 Martinez Ramp Suite 888
New Richard, NM 14310"
70,Holly Fields,"PSC 6592, Box 6650
APO AP 45497"
71,Christopher Norton,"6561 Brown Streets Suite 966
Port Keith, OK 51287"
72,Jacqueline Sellers,"4374 Barrett Park Suite 369
New Vanessafort, SD 85366"
73,William Wagner,"55425 Robert Glen
Lake Christophermouth, UT 51432"
74,John Wilkinson,"805 Heather Rest
Port Tyler, FM 06882"
75,Cameron Gibson,"545 Morris Green Apt. 903
Lake Bruce, GA 14936"
76,Andrew Hall,"68482 Johnson Station Suite 976
Lake James, RI 93835"
77,Claire Peck,"45758 Lamb Wells Apt. 595
Silvaport, NM 53002"
78,Richard Hodge,"438 Margaret Mountain
Lake Robert, KS 43331"
79,Lisa Cooke,"633 Michael Tunnel
North Stacy, WA 54657"
80,Eric Wolfe,"21462 Butler Port
Joshuamouth, MN 08911"
81,Bradley Joyce,"173 Robert Lodge Apt. 993
North Cassandra, NC 96933"
82,Kellie Cordova,"0903 Brandon Flats
Drakeville, NM 94581"
83,Jessica Davis,"PSC 1995, Box 9741
APO AP 32788"
84,Matthew Joseph,"237 Thomas Club
East William, VI 59984"
85,Erica Perez DVM,"444 Foster Groves Apt. 982
Lake Rachelberg, MN 73566"
86,Kevin Horn,"384 Austin Lane
Shelbyside, ID 65717"
87,Stephen Paul,"23892 Stanley Passage
North Justinburgh, MI 21604"
88,Theresa Gonzales,"178 Mccarthy Meadow
Watsonville, ND 68148"
89,Linda Howard,"0232 John Ville Suite 178
South Jessicamouth, VA 46217"
90,Tonya Hall,"1355 Thomas Union Apt. 766
East Paul, AS 32073"
91,Christina Thomas,"14305 Christina Squares Apt. 268
Charlesville, AZ 38175"
92,Denise Massey,"62578 Lopez Vista
Vincentside, WY 43006"
93,Edward Warner,"9640 Seth Knolls
North Julieton, ID 27273"
94,Heather Romero,"PSC 1959, Box 2224
APO AP 58496"
95,Matthew Davis,"061 Curtis Forges
Zacharyside, FL 28476"
96,Scott Wilson,"7226 Duane Road Suite 253
Jacksonchester, ME 47669"
97,Gregory Meyer,"69891 Fernandez Ridge Suite 466
East Kevinmouth, IA 73258"
98,Robert Martin,"43297 Kathryn Alley Apt. 387
New Jeffery, PR 22824"
