,nombre,direccion
0,Mitchell Holloway,"9584 Joshua View Apt. 341
Amandachester, SD 65397"
1,Mitchell Strickland,"35127 Michael Well
Port Kevin, CA 06214"
2,Duane Charles,"37717 Smith Underpass
Gillespiehaven, MA 34781"
3,Larry Smith,"839 Edwards Wall
New Cherylshire, PR 57376"
4,Taylor Villegas,"08671 Smith Via
New Jessica, WY 00721"
5,Jody Jones,"007 Kenneth Junction Suite 315
Cynthiatown, IN 31249"
6,Maria Munoz,"827 Dennis Route
Michaelborough, WV 52610"
7,Robert Hatfield,"940 Judy Corners Apt. 473
Lake Josechester, VI 45861"
8,Jessica Hernandez,"Unit 0460 Box 6528
DPO AP 09680"
9,Austin Lucas,"PSC 6250, Box 0063
APO AE 47351"
10,Ryan Garcia,"8189 Wilson Gardens Suite 755
New Judyton, NV 35128"
11,Martha Wright,"57714 Wiley Mall
Patrickburgh, AZ 41510"
12,Christine Cummings,"2389 Brad Common Suite 772
Larryfurt, ME 61295"
13,Dawn Ramos,"72394 Mark Forest
Christopherburgh, FL 41262"
14,Aaron Medina,"Unit 6710 Box 0208
DPO AE 54767"
15,Bobby Mcdaniel,"77947 Morris Isle
Lake Kelly, MT 45528"
16,Dustin Espinoza,"045 Lisa Summit
Port Brenda, PR 43972"
17,Vanessa Tyler,"35003 Joel Dale
Carlmouth, AZ 48936"
18,Michael Rosario,"47681 Maria Island
Perezfort, OR 78234"
19,Brad Montgomery,"2568 Graham Hill
Port Frankberg, NY 76584"
20,Judy Smith,"21094 Marissa Place
Port Cathy, TN 49014"
21,Mr. Zachary Cline,"115 Ryan Forks
Sylviachester, MN 04261"
22,Andrew Silva,"6843 Gilmore Path Apt. 759
Rossville, MS 89627"
23,Rita Harper,"190 Edwards Dale Apt. 150
West Amy, WA 05538"
24,Priscilla Miller,"542 Emily Groves Suite 841
Port Roy, AR 74856"
25,Brian Beck,"7771 Randall Island Suite 311
New Josechester, WV 28641"
26,Sean Luna,"37082 Tracie Curve
Maxberg, AZ 45138"
27,Jessica Cruz,"799 Juan Drive Suite 414
Macdonaldfort, SC 75692"
28,Garrett Johnson,"6145 Vincent Meadows Apt. 952
Burtonchester, NV 89386"
29,Kristina Henderson,"0236 Pittman Alley Apt. 860
Guerrerofort, VI 60025"
30,Sheila Garza MD,"15314 Mcfarland Dale Apt. 955
Smithside, UT 28716"
31,John Mccarthy,"USS Lambert
FPO AP 05361"
32,Alexa Rogers,"6939 Pearson Lodge Apt. 850
Port Kathrynborough, IN 35980"
33,Lawrence Smith,"51877 Guzman Heights
Kempville, MT 91548"
34,Suzanne Pham,"4522 Smith Gardens
East Robert, AR 55502"
35,Nicholas Williams,"282 Wall Summit
Leachmouth, MP 60530"
36,Mindy Nguyen,"8053 Ross Circle Suite 996
Port Jeremy, WI 41389"
37,Tyler Mathews,"75924 Hood Station Apt. 899
Lake John, WI 83645"
38,Tim Jimenez,"792 Cooper Passage Suite 009
Emilyshire, KS 43304"
39,Amanda Lozano,"666 Sanchez Haven Suite 589
Allentown, AS 71819"
40,Nicole Brown,"0770 Roberta Glen Apt. 104
Mayerland, VT 75842"
41,James Carey,"12594 Meyers Forks
East Christianstad, NY 23084"
42,Colleen Vasquez,"Unit 8490 Box 9415
DPO AP 10237"
43,Allen Williams,"629 Thompson Port
Payneshire, WA 32200"
44,Gina Fletcher,"93022 Shawn Shore
Michaelstad, HI 77391"
45,Michael Weaver,"581 Peterson Camp Suite 762
New Jamieview, GA 31228"
46,Ashley Smith,"46891 Joshua Drives Suite 977
Jeffreyburgh, LA 73001"
47,Dennis Thompson,"PSC 3345, Box 2134
APO AE 58773"
48,Linda Cardenas,"5008 Campbell Shoal Suite 620
Burkeshire, NE 32987"
49,Heather Hall,"367 Alex Shoal Apt. 536
Reynoldsshire, KY 23233"
50,Austin Gamble IV,"0456 Amber Brook
Zacharyside, ME 06708"
51,Corey Middleton,"758 Caldwell Road Suite 091
Thomastown, WV 10302"
52,Jennifer Brown,"273 Michael Way Apt. 972
East Anthony, KS 32334"
53,Ryan Flores,"5952 Castro Court
East Tracyhaven, GU 62799"
54,Jon Massey,"457 Jesse Garden Suite 898
Thorntonborough, OR 52248"
55,Karen Blair,"4001 Rebecca Fork Apt. 290
Travisshire, DE 66155"
56,Eric Mcguire,"11753 Kelly Point Suite 122
Lake Emily, MH 67944"
57,Caitlin Dunn,"73449 Alicia Cove
Port Amanda, HI 56567"
58,Daniel Phillips,"37470 Wilson Isle
Lake Robertborough, CA 25942"
59,Julie Simon,"93832 Jennifer Junctions Suite 107
West Alice, RI 09533"
60,Christopher Johnson,"68558 Christopher Hill
North Gwendolyn, NM 09048"
61,Yvonne Brown,"USNV Brown
FPO AA 81413"
62,Krystal Wright,"045 Madeline Valley
Jonathontown, MP 21410"
63,Lauren Martin,"356 Henry Cliff
New Deborah, FL 08410"
64,Amanda Nelson,"37913 Douglas Square Suite 690
Port Heather, NC 31699"
65,Amy Martinez,"57718 David Alley
South John, WY 07329"
66,Mark Mclaughlin,"40578 Mullins Point Suite 011
Ricardostad, ND 41912"
67,Thomas Cooper,"388 Morgan Canyon
North Richardmouth, MI 72060"
68,Dr. Joshua Morris,"USS Gardner
FPO AA 85648"
69,Isaac Parks,"91985 Mcdonald Village Suite 732
North Susanburgh, PW 28411"
70,Luis Pearson,"PSC 9928, Box 6643
APO AP 94150"
71,Johnny Fletcher,"02888 Sara Valley Apt. 871
Daviston, IL 96933"
72,Benjamin Tran,"0024 Nicole Via
Freemanborough, NC 47097"
73,Brandon Hudson,"600 Peter Crossroad
East Kristenborough, MA 33852"
74,Andrea Koch,"079 Rhodes Islands
Port Jamesborough, NE 62681"
75,Patricia Little,"737 Butler Hill Apt. 207
South John, DE 36317"
76,Brooke Valdez,"65582 Howe Ports
Lake Steven, NM 67686"
77,Ashley Woods,"10425 Meadows Glen
Mikaylastad, ME 75741"
78,Christopher Page,"83665 Gregory Glen Apt. 512
West Tammy, UT 15065"
79,Tammy Davis MD,"Unit 0277 Box 7983
DPO AA 19638"
80,Anthony Robinson,"27685 Mitchell Hollow
Rebeccaport, FM 22884"
81,Kenneth Johnston,"89712 Greene Meadow
Randymouth, NH 30640"
82,Kevin Tran,"USCGC Adams
FPO AA 56801"
83,Carolyn Simmons,"8431 Gonzalez Point
Christopherhaven, ND 79507"
84,Nicholas Edwards,"PSC 8324, Box 5270
APO AA 90400"
85,Gregory Davis,"4924 Myers Creek Apt. 295
Stephanieton, DE 68964"
86,Matthew Miller,"1564 Pacheco Roads
Jonesville, AL 60467"
87,Travis Clark,"10622 Berry Stravenue
East Chad, MO 28921"
88,Stephen Kemp,"4559 Clark Parkways
Ashleyshire, WI 40120"
89,Matthew Tucker,"Unit 8099 Box 3612
DPO AA 29136"
90,Christopher Avila,"03500 Eric Route Apt. 654
North Nicholas, SD 85406"
91,Scott Davis,"20211 Billy Passage
Joelberg, GU 16694"
92,Robert Robbins,"8256 Scott Stream Apt. 096
Williamsville, GA 57134"
93,Jonathan Martinez,"0945 Eaton Spring Suite 624
Howellhaven, GU 35536"
94,Daisy Moore,"USNS Knox
FPO AP 52619"
95,Sean Wilson,"24672 Andrea Streets
North Sherry, FL 73442"
96,John Rojas,"64173 Rowe Spring
Cameronside, SC 37746"
97,Chad Smith,"PSC 0042, Box 3835
APO AP 56732"
98,Dawn Mcdonald,"737 Daniel Islands
Kimberg, LA 28022"
99,Tina Stewart,"486 Emily Fall
Ravenburgh, ND 50303"
